[{"model": "admin.logentry", "pk": 1, "fields": {"action_time": "2021-06-08T07:21:48.783Z", "user": 1, "content_type": 8, "object_id": "1", "object_repr": "Notebooks", "action_flag": 1, "change_message": "[{\"added\": {}}]"}}, {"model": "admin.logentry", "pk": 2, "fields": {"action_time": "2021-06-08T07:23:42.527Z", "user": 1, "content_type": 8, "object_id": "2", "object_repr": "Smartphones", "action_flag": 1, "change_message": "[{\"added\": {}}]"}}, {"model": "admin.logentry", "pk": 3, "fields": {"action_time": "2021-06-08T07:37:22.562Z", "user": 1, "content_type": 13, "object_id": "1", "object_repr": "1", "action_flag": 1, "change_message": "[{\"added\": {}}]"}}, {"model": "admin.logentry", "pk": 4, "fields": {"action_time": "2021-06-08T07:51:10.900Z", "user": 1, "content_type": 13, "object_id": "1", "object_repr": "1", "action_flag": 2, "change_message": "[{\"changed\": {\"fields\": [\"Image\"]}}]"}}, {"model": "admin.logentry", "pk": 5, "fields": {"action_time": "2021-06-08T09:52:56.557Z", "user": 1, "content_type": 12, "object_id": "1", "object_repr": "Notebooks : MacbookPro 16 inch", "action_flag": 1, "change_message": "[{\"added\": {}}]"}}, {"model": "admin.logentry", "pk": 6, "fields": {"action_time": "2021-06-08T10:11:00.150Z", "user": 1, "content_type": 12, "object_id": "1", "object_repr": "Notebooks : MacbookPro 16 inch", "action_flag": 2, "change_message": "[{\"changed\": {\"fields\": [\"Slug\"]}}]"}}, {"model": "admin.logentry", "pk": 7, "fields": {"action_time": "2021-06-08T12:27:26.968Z", "user": 1, "content_type": 11, "object_id": "1", "object_repr": "Smartphones : Iphone 12 Pro", "action_flag": 1, "change_message": "[{\"added\": {}}]"}}, {"model": "admin.logentry", "pk": 8, "fields": {"action_time": "2021-06-08T12:34:29.365Z", "user": 1, "content_type": 8, "object_id": "1", "object_repr": "Notebooks", "action_flag": 2, "change_message": "[]"}}, {"model": "admin.logentry", "pk": 9, "fields": {"action_time": "2021-06-08T12:34:37.690Z", "user": 1, "content_type": 8, "object_id": "2", "object_repr": "Smartphones", "action_flag": 2, "change_message": "[]"}}, {"model": "admin.logentry", "pk": 10, "fields": {"action_time": "2021-06-08T22:39:14.814Z", "user": 1, "content_type": 10, "object_id": "2", "object_repr": "Product: Iphone 12 Pro (for cart)", "action_flag": 3, "change_message": ""}}, {"model": "admin.logentry", "pk": 11, "fields": {"action_time": "2021-06-08T22:39:14.816Z", "user": 1, "content_type": 10, "object_id": "1", "object_repr": "Product: MacbookPro 16 inch (for cart)", "action_flag": 3, "change_message": ""}}, {"model": "admin.logentry", "pk": 12, "fields": {"action_time": "2021-06-09T21:17:22.392Z", "user": 1, "content_type": 11, "object_id": "2", "object_repr": "Smartphones : iPhone 12", "action_flag": 1, "change_message": "[{\"added\": {}}]"}}, {"model": "admin.logentry", "pk": 13, "fields": {"action_time": "2021-06-09T21:18:52.008Z", "user": 1, "content_type": 11, "object_id": "2", "object_repr": "Smartphones : iPhone 12", "action_flag": 2, "change_message": "[{\"changed\": {\"fields\": [\"Image\"]}}]"}}, {"model": "admin.logentry", "pk": 14, "fields": {"action_time": "2021-06-09T21:42:55.016Z", "user": 1, "content_type": 12, "object_id": "2", "object_repr": "Notebooks : MacbookPro 2015", "action_flag": 1, "change_message": "[{\"added\": {}}]"}}, {"model": "admin.logentry", "pk": 15, "fields": {"action_time": "2021-06-09T21:53:13.727Z", "user": 1, "content_type": 12, "object_id": "3", "object_repr": "Notebooks : MacbookPro M1", "action_flag": 1, "change_message": "[{\"added\": {}}]"}}, {"model": "admin.logentry", "pk": 16, "fields": {"action_time": "2021-06-09T22:01:17.663Z", "user": 1, "content_type": 12, "object_id": "4", "object_repr": "Notebooks : Macbook Air 13", "action_flag": 1, "change_message": "[{\"added\": {}}]"}}, {"model": "admin.logentry", "pk": 17, "fields": {"action_time": "2021-06-09T22:07:27.419Z", "user": 1, "content_type": 11, "object_id": "3", "object_repr": "Smartphones : iPhone SE", "action_flag": 1, "change_message": "[{\"added\": {}}]"}}, {"model": "admin.logentry", "pk": 18, "fields": {"action_time": "2021-06-09T22:11:33.479Z", "user": 1, "content_type": 11, "object_id": "4", "object_repr": "Smartphones : iPhone 6S", "action_flag": 1, "change_message": "[{\"added\": {}}]"}}, {"model": "admin.logentry", "pk": 19, "fields": {"action_time": "2021-06-09T22:15:26.748Z", "user": 1, "content_type": 11, "object_id": "5", "object_repr": "Smartphones : iPhone 7", "action_flag": 1, "change_message": "[{\"added\": {}}]"}}, {"model": "admin.logentry", "pk": 20, "fields": {"action_time": "2021-06-09T22:21:06.871Z", "user": 1, "content_type": 11, "object_id": "6", "object_repr": "Smartphones : iPhone 8", "action_flag": 1, "change_message": "[{\"added\": {}}]"}}, {"model": "admin.logentry", "pk": 21, "fields": {"action_time": "2021-06-09T22:25:53.327Z", "user": 1, "content_type": 11, "object_id": "7", "object_repr": "Smartphones : iPhone 10", "action_flag": 1, "change_message": "[{\"added\": {}}]"}}, {"model": "admin.logentry", "pk": 22, "fields": {"action_time": "2021-06-09T22:29:50.801Z", "user": 1, "content_type": 11, "object_id": "8", "object_repr": "Smartphones : iPhone 11", "action_flag": 1, "change_message": "[{\"added\": {}}]"}}, {"model": "admin.logentry", "pk": 23, "fields": {"action_time": "2021-06-09T22:42:11.965Z", "user": 1, "content_type": 11, "object_id": "7", "object_repr": "Smartphones : iPhone 10", "action_flag": 2, "change_message": "[]"}}, {"model": "auth.permission", "pk": 1, "fields": {"name": "Can add log entry", "content_type": 1, "codename": "add_logentry"}}, {"model": "auth.permission", "pk": 2, "fields": {"name": "Can change log entry", "content_type": 1, "codename": "change_logentry"}}, {"model": "auth.permission", "pk": 3, "fields": {"name": "Can delete log entry", "content_type": 1, "codename": "delete_logentry"}}, {"model": "auth.permission", "pk": 4, "fields": {"name": "Can view log entry", "content_type": 1, "codename": "view_logentry"}}, {"model": "auth.permission", "pk": 5, "fields": {"name": "Can add permission", "content_type": 2, "codename": "add_permission"}}, {"model": "auth.permission", "pk": 6, "fields": {"name": "Can change permission", "content_type": 2, "codename": "change_permission"}}, {"model": "auth.permission", "pk": 7, "fields": {"name": "Can delete permission", "content_type": 2, "codename": "delete_permission"}}, {"model": "auth.permission", "pk": 8, "fields": {"name": "Can view permission", "content_type": 2, "codename": "view_permission"}}, {"model": "auth.permission", "pk": 9, "fields": {"name": "Can add group", "content_type": 3, "codename": "add_group"}}, {"model": "auth.permission", "pk": 10, "fields": {"name": "Can change group", "content_type": 3, "codename": "change_group"}}, {"model": "auth.permission", "pk": 11, "fields": {"name": "Can delete group", "content_type": 3, "codename": "delete_group"}}, {"model": "auth.permission", "pk": 12, "fields": {"name": "Can view group", "content_type": 3, "codename": "view_group"}}, {"model": "auth.permission", "pk": 13, "fields": {"name": "Can add user", "content_type": 4, "codename": "add_user"}}, {"model": "auth.permission", "pk": 14, "fields": {"name": "Can change user", "content_type": 4, "codename": "change_user"}}, {"model": "auth.permission", "pk": 15, "fields": {"name": "Can delete user", "content_type": 4, "codename": "delete_user"}}, {"model": "auth.permission", "pk": 16, "fields": {"name": "Can view user", "content_type": 4, "codename": "view_user"}}, {"model": "auth.permission", "pk": 17, "fields": {"name": "Can add content type", "content_type": 5, "codename": "add_contenttype"}}, {"model": "auth.permission", "pk": 18, "fields": {"name": "Can change content type", "content_type": 5, "codename": "change_contenttype"}}, {"model": "auth.permission", "pk": 19, "fields": {"name": "Can delete content type", "content_type": 5, "codename": "delete_contenttype"}}, {"model": "auth.permission", "pk": 20, "fields": {"name": "Can view content type", "content_type": 5, "codename": "view_contenttype"}}, {"model": "auth.permission", "pk": 21, "fields": {"name": "Can add session", "content_type": 6, "codename": "add_session"}}, {"model": "auth.permission", "pk": 22, "fields": {"name": "Can change session", "content_type": 6, "codename": "change_session"}}, {"model": "auth.permission", "pk": 23, "fields": {"name": "Can delete session", "content_type": 6, "codename": "delete_session"}}, {"model": "auth.permission", "pk": 24, "fields": {"name": "Can view session", "content_type": 6, "codename": "view_session"}}, {"model": "auth.permission", "pk": 25, "fields": {"name": "Can add cart", "content_type": 7, "codename": "add_cart"}}, {"model": "auth.permission", "pk": 26, "fields": {"name": "Can change cart", "content_type": 7, "codename": "change_cart"}}, {"model": "auth.permission", "pk": 27, "fields": {"name": "Can delete cart", "content_type": 7, "codename": "delete_cart"}}, {"model": "auth.permission", "pk": 28, "fields": {"name": "Can view cart", "content_type": 7, "codename": "view_cart"}}, {"model": "auth.permission", "pk": 29, "fields": {"name": "Can add category", "content_type": 8, "codename": "add_category"}}, {"model": "auth.permission", "pk": 30, "fields": {"name": "Can change category", "content_type": 8, "codename": "change_category"}}, {"model": "auth.permission", "pk": 31, "fields": {"name": "Can delete category", "content_type": 8, "codename": "delete_category"}}, {"model": "auth.permission", "pk": 32, "fields": {"name": "Can view category", "content_type": 8, "codename": "view_category"}}, {"model": "auth.permission", "pk": 33, "fields": {"name": "Can add customer", "content_type": 9, "codename": "add_customer"}}, {"model": "auth.permission", "pk": 34, "fields": {"name": "Can change customer", "content_type": 9, "codename": "change_customer"}}, {"model": "auth.permission", "pk": 35, "fields": {"name": "Can delete customer", "content_type": 9, "codename": "delete_customer"}}, {"model": "auth.permission", "pk": 36, "fields": {"name": "Can view customer", "content_type": 9, "codename": "view_customer"}}, {"model": "auth.permission", "pk": 37, "fields": {"name": "Can add cart product", "content_type": 10, "codename": "add_cartproduct"}}, {"model": "auth.permission", "pk": 38, "fields": {"name": "Can change cart product", "content_type": 10, "codename": "change_cartproduct"}}, {"model": "auth.permission", "pk": 39, "fields": {"name": "Can delete cart product", "content_type": 10, "codename": "delete_cartproduct"}}, {"model": "auth.permission", "pk": 40, "fields": {"name": "Can view cart product", "content_type": 10, "codename": "view_cartproduct"}}, {"model": "auth.permission", "pk": 41, "fields": {"name": "Can add smartphone", "content_type": 11, "codename": "add_smartphone"}}, {"model": "auth.permission", "pk": 42, "fields": {"name": "Can change smartphone", "content_type": 11, "codename": "change_smartphone"}}, {"model": "auth.permission", "pk": 43, "fields": {"name": "Can delete smartphone", "content_type": 11, "codename": "delete_smartphone"}}, {"model": "auth.permission", "pk": 44, "fields": {"name": "Can view smartphone", "content_type": 11, "codename": "view_smartphone"}}, {"model": "auth.permission", "pk": 45, "fields": {"name": "Can add notebook", "content_type": 12, "codename": "add_notebook"}}, {"model": "auth.permission", "pk": 46, "fields": {"name": "Can change notebook", "content_type": 12, "codename": "change_notebook"}}, {"model": "auth.permission", "pk": 47, "fields": {"name": "Can delete notebook", "content_type": 12, "codename": "delete_notebook"}}, {"model": "auth.permission", "pk": 48, "fields": {"name": "Can view notebook", "content_type": 12, "codename": "view_notebook"}}, {"model": "auth.permission", "pk": 49, "fields": {"name": "Can add some model", "content_type": 13, "codename": "add_somemodel"}}, {"model": "auth.permission", "pk": 50, "fields": {"name": "Can change some model", "content_type": 13, "codename": "change_somemodel"}}, {"model": "auth.permission", "pk": 51, "fields": {"name": "Can delete some model", "content_type": 13, "codename": "delete_somemodel"}}, {"model": "auth.permission", "pk": 52, "fields": {"name": "Can view some model", "content_type": 13, "codename": "view_somemodel"}}, {"model": "auth.permission", "pk": 53, "fields": {"name": "Can add order", "content_type": 14, "codename": "add_order"}}, {"model": "auth.permission", "pk": 54, "fields": {"name": "Can change order", "content_type": 14, "codename": "change_order"}}, {"model": "auth.permission", "pk": 55, "fields": {"name": "Can delete order", "content_type": 14, "codename": "delete_order"}}, {"model": "auth.permission", "pk": 56, "fields": {"name": "Can view order", "content_type": 14, "codename": "view_order"}}, {"model": "auth.user", "pk": 1, "fields": {"password": "pbkdf2_sha256$260000$h9ybhQQARhhOItMxhjLRYZ$qbxFU9ZEbOw6oxAU576eZ8wz/nXDjKa4P1Icq+Wd53Q=", "last_login": "2021-06-14T11:39:52.416Z", "is_superuser": true, "username": "admin", "first_name": "", "last_name": "", "email": "", "is_staff": true, "is_active": true, "date_joined": "2021-06-08T00:00:23.684Z", "groups": [], "user_permissions": []}}, {"model": "auth.user", "pk": 2, "fields": {"password": "pbkdf2_sha256$260000$B0ZL0S8O3TVgs5e8ZnAs8Q$mGRGNUn+OAdPa97tF+nsYGgM2LNY7+qAXYwHD3+wCsQ=", "last_login": null, "is_superuser": false, "username": "testuser", "first_name": "test", "last_name": "surnameUser", "email": "testuser@gmail.ru", "is_staff": false, "is_active": true, "date_joined": "2021-06-14T11:23:48.767Z", "groups": [], "user_permissions": []}}, {"model": "auth.user", "pk": 3, "fields": {"password": "pbkdf2_sha256$260000$NH6meGc6hO2XouDxGk9lFc$N0Weiv5TAVSEKFFYlby1f4HI5fUU4+uhqwRsB7cignI=", "last_login": "2021-06-14T11:28:40.091Z", "is_superuser": false, "username": "testuser2", "first_name": "Vlad2", "last_name": "Test2", "email": "testuser2@gmail.com", "is_staff": false, "is_active": true, "date_joined": "2021-06-14T11:28:39.509Z", "groups": [], "user_permissions": []}}, {"model": "auth.user", "pk": 4, "fields": {"password": "pbkdf2_sha256$260000$Frv4twBJUW8ye5RKL7pJgt$Z0pjQLHxwpI9jYFLIptDW0bbd/gpcsJ0SrYJadUb5KE=", "last_login": "2021-06-14T12:46:28.917Z", "is_superuser": false, "username": "admin2", "first_name": "admin", "last_name": "adminovich", "email": "admin@gmail.com", "is_staff": false, "is_active": true, "date_joined": "2021-06-14T12:04:35.402Z", "groups": [], "user_permissions": []}}, {"model": "auth.user", "pk": 5, "fields": {"password": "pbkdf2_sha256$260000$9NgRObLqqv5AILu3F3FX0o$lYSuQgeVPNlzuqSXmJMXYNUFml6xu30aBLB87dOdM0Y=", "last_login": "2021-06-14T12:51:24.837Z", "is_superuser": false, "username": "Guest", "first_name": "Guest", "last_name": "Guestino", "email": "guestovich@gmail.com", "is_staff": false, "is_active": true, "date_joined": "2021-06-14T12:47:52.164Z", "groups": [], "user_permissions": []}}, {"model": "contenttypes.contenttype", "pk": 1, "fields": {"app_label": "admin", "model": "logentry"}}, {"model": "contenttypes.contenttype", "pk": 2, "fields": {"app_label": "auth", "model": "permission"}}, {"model": "contenttypes.contenttype", "pk": 3, "fields": {"app_label": "auth", "model": "group"}}, {"model": "contenttypes.contenttype", "pk": 4, "fields": {"app_label": "auth", "model": "user"}}, {"model": "contenttypes.contenttype", "pk": 5, "fields": {"app_label": "contenttypes", "model": "contenttype"}}, {"model": "contenttypes.contenttype", "pk": 6, "fields": {"app_label": "sessions", "model": "session"}}, {"model": "contenttypes.contenttype", "pk": 7, "fields": {"app_label": "mainapp", "model": "cart"}}, {"model": "contenttypes.contenttype", "pk": 8, "fields": {"app_label": "mainapp", "model": "category"}}, {"model": "contenttypes.contenttype", "pk": 9, "fields": {"app_label": "mainapp", "model": "customer"}}, {"model": "contenttypes.contenttype", "pk": 10, "fields": {"app_label": "mainapp", "model": "cartproduct"}}, {"model": "contenttypes.contenttype", "pk": 11, "fields": {"app_label": "mainapp", "model": "smartphone"}}, {"model": "contenttypes.contenttype", "pk": 12, "fields": {"app_label": "mainapp", "model": "notebook"}}, {"model": "contenttypes.contenttype", "pk": 13, "fields": {"app_label": "mainapp", "model": "somemodel"}}, {"model": "contenttypes.contenttype", "pk": 14, "fields": {"app_label": "mainapp", "model": "order"}}, {"model": "sessions.session", "pk": "6da4vyb0r83vkj7yv1kwqdgutgmdjd0m", "fields": {"session_data": ".eJxVjDsOwjAQBe_iGllZEzleSnrOYO3HxgHkSHFSRdwdIqWA9s3M20ykdSlxbWmOo5qLAXP63ZjkmeoO9EH1PlmZ6jKPbHfFHrTZ26TpdT3cv4NCrXxrZgkM4DGruoQkHaFj50FDT4g5DExBupxDrz558J6BOLBkd0aUwbw_DBU40g:1lrhVY:e6vx0QqldijluIZMBezAPCb9-byeM5PCedxy3ES6av0", "expire_date": "2021-06-25T13:47:36.387Z"}}, {"model": "sessions.session", "pk": "7io8uxcnn5ffhzk2epa7wk24ljsowr2p", "fields": {"session_data": ".eJxVjDsOwjAQBe_iGllZEzleSnrOYO3HxgHkSHFSRdwdIqWA9s3M20ykdSlxbWmOo5qLAXP63ZjkmeoO9EH1PlmZ6jKPbHfFHrTZ26TpdT3cv4NCrXxrZgkM4DGruoQkHaFj50FDT4g5DExBupxDrz558J6BOLBkd0aUwbw_DBU40g:1lqPBV:ikmsl8cCfQV7VQiwCcBe-8a1R6A5eGKSjaN53LD4cAI", "expire_date": "2021-06-22T00:01:33.041Z"}}, {"model": "sessions.session", "pk": "i7tudze0h4i0ao6083qr34dt45plq2lx", "fields": {"session_data": ".eJxVjDsOwjAQBe_iGllZEzleSnrOYO3HxgHkSHFSRdwdIqWA9s3M20ykdSlxbWmOo5qLAXP63ZjkmeoO9EH1PlmZ6jKPbHfFHrTZ26TpdT3cv4NCrXxrZgkM4DGruoQkHaFj50FDT4g5DExBupxDrz558J6BOLBkd0aUwbw_DBU40g:1lrfWg:fmkFyvkFIbFkaMrWgTC_Aeg-L6zflXrxAHQx-DKkM_M", "expire_date": "2021-06-25T11:40:38.513Z"}}, {"model": "sessions.session", "pk": "l0mr8mdz9hgjac4qc5hw1b483t1ncoft", "fields": {"session_data": ".eJxVjMsOwiAQRf-FtSEwtDxcuvcbyAAzUjU0Ke3K-O_apAvd3nPOfYmI21rj1mmJUxFnMYrT75YwP6jtoNyx3WaZ57YuU5K7Ig_a5XUu9Lwc7t9BxV6_teLkMDnCHIxy7JkUqGFwlp1ORnP2yOALWE3ac0KL4H0JgTIQmNGI9wf7kjg7:1lsm3o:QUU3cH7tDto0PeKOJSGiBmnbeEj9uVeigbyjzCwQ-NA", "expire_date": "2021-06-28T12:51:24.839Z"}}, {"model": "mainapp.category", "pk": 1, "fields": {"name": "Notebooks", "slug": "notebooks"}}, {"model": "mainapp.category", "pk": 2, "fields": {"name": "Smartphones", "slug": "smartphones"}}, {"model": "mainapp.notebook", "pk": 1, "fields": {"category": 1, "title": "MacbookPro 16 inch", "slug": "macpro16", "image": "macpro_16_B7PM1T2.jpeg", "description": "Designed for those who defy limits and change the world, the 16-inch MacBook Pro is by far the most powerful notebook we have ever made. With an immersive Retina display, superfast processors, advanced graphics, the largest battery capacity ever in a MacBook Pro, Magic Keyboard, and massive storage, it's the ultimate pro notebook for the ultimate user.", "price": "2399.99", "diagonal": "16", "display": "16-inch Retina display with True Tone", "processor_freq": "4.5GHz", "ram": "16GB of 2666MHz DDR4 memory", "video": "AMD Radeon Pro 5300M with 4GB of GDDR6 memory", "time_without_charge": "12 hours"}}, {"model": "mainapp.notebook", "pk": 2, "fields": {"category": 1, "title": "MacbookPro 2015", "slug": "macbookpro2015", "image": "macbook-pro-2015.jpeg", "description": "Apple has upgraded its 13-inch MacBook Air with Broadwell processors, faster flash storage and better graphics, and upgrades Thunderbolt to Thunderbolt 2. But physically, and throughout most of the specifications, little else has changed, and our tests suggest that performance is on a par with the 2014 model.", "price": "899.99", "diagonal": "13.3\"/1440x900", "display": "TFT", "processor_freq": "1600 Ggc", "ram": "4 Gb", "video": "Intel HD Graphics 6000", "time_without_charge": "12 hours"}}, {"model": "mainapp.notebook", "pk": 3, "fields": {"category": 1, "title": "MacbookPro M1", "slug": "macboocprom1", "image": "macbook-pro-m1.jpeg", "description": "The M1 chip brings superfast unified memory to MacBook Pro. This single pool of high-bandwidth, low-latency memory allows apps to share data between the CPU, GPU, and Neural Engine efficiently — so everything you do is fast and fluid. Your MacBook Pro comes standard with 8GB of memory and can be expanded to 16GB.", "price": "1299.00", "diagonal": "13.3/2,560 x 1,600", "display": "Retina display", "processor_freq": "50Hz to 60Hz", "ram": "16GB", "video": "50Hz to 60Hz", "time_without_charge": "16"}}, {"model": "mainapp.notebook", "pk": 4, "fields": {"category": 1, "title": "Macbook Air 13", "slug": "macbookair13", "image": "Apple-Macbook-Air13.jpeg", "description": "macOS is the operating system that powers everything you do on a Mac. macOS Catalina brings new, dedicated apps for music, TV, and podcasts. Smart updates to the apps you use most. And Sidecar, which lets you use iPad as a second display. So you can take everything you do above and beyond.", "price": "999.00", "diagonal": "13.3-inch", "display": "LED-backlit display with IPS technology", "processor_freq": "50Hz to 60Hz", "ram": "8GB", "video": "Intel HD Graphics", "time_without_charge": "15"}}, {"model": "mainapp.smartphone", "pk": 1, "fields": {"category": 2, "title": "Iphone 12 Pro", "slug": "iphone12pro", "image": "iphone12pro.png", "description": "5G goes Pro. A14 Bionic rockets past every other smartphone chip. The Pro camera system takes low-light photography to the next level — with an even bigger jump on iPhone 12 Pro Max. And Ceramic Shield delivers four times better drop performance. Let’s see what this thing can do.", "price": "1099.00", "diagonal": "6.7", "display": "Super Retina XDR display2", "resolution": "6.1", "accum_volume": "2815 mAh", "ram": "4 Gb Ram", "sd": true, "sd_volume_max": "128GB 6GB RAM", "main_cam_mp": "12 MP", "frontal_cam_mp": "12 MP"}}, {"model": "mainapp.smartphone", "pk": 2, "fields": {"category": 2, "title": "iPhone 12", "slug": "iphone12purple", "image": "iphone-12-128gb-purple.jpeg", "description": "The iPhone 12 is Apple's mainstream flagship iPhone for 2020. The phones come in 6.1-inch and 5.4-inch sizes with identical features, including support for faster 5G cellular networks, OLED displays, improved cameras, and Apple's latest A14 chip, all in a completely refreshed design", "price": "749.99", "diagonal": "6.1 inches, 90.2 cm2", "display": "Super Retina XDR OLED, HDR10", "resolution": "1170 x 2532 pixels", "accum_volume": "Li-Ion 2815 mAh", "ram": "4GB", "sd": false, "sd_volume_max": "256GB", "main_cam_mp": "12 MP, f/1.6, 26mm (wide), 1.4µm, dual pixel PDAF", "frontal_cam_mp": "12 MP, f/2.2, 23mm (wide), 1/3.6\""}}, {"model": "mainapp.smartphone", "pk": 3, "fields": {"category": 2, "title": "iPhone SE", "slug": "iphonese", "image": "iphone-se.jpeg", "description": "The original iPhone SE was a budget 4-inch iPhone before being discontinued in 2018, but Apple revived the name in April 2020 with a new 4.7-inch model that looks like an iPhone 8 with internals similar to those of the iPhone 11. It features an A13 Bionic chip, 3GB RAM, and a low starting price of $399.", "price": "399.00", "diagonal": "4.7 inches, 60.9 cm2", "display": "Retina IPS LCD, 625 nits", "resolution": "750 x 1334 pixels, 16:9", "accum_volume": "12", "ram": "64GB 3GB RAM", "sd": false, "sd_volume_max": "Li-Ion 1821 mAh", "main_cam_mp": "12 MP, f/1.8", "frontal_cam_mp": "7 MP, f/2.2"}}, {"model": "mainapp.smartphone", "pk": 4, "fields": {"category": 2, "title": "iPhone 6S", "slug": "iphone6s", "image": "iphone6s.jpg", "description": "The Apple iPhone 6s is a smartphone that was tested with the iOS 10.1. 1 operating system. This model weighs 5 ounces, has a 4.7 inch touch screen display, 12-megapixel main camera, and 5-megapixel selfie camera. It comes with 2GB of RAM.", "price": "699.00", "diagonal": "4.7 inches, 60.9 cm2", "display": "4.7 inches, 60.9 cm2", "resolution": "750 x 1334 pixels, 16:9", "accum_volume": "14", "ram": "16GB 2GB RAM", "sd": false, "sd_volume_max": "16GB 2GB RAM", "main_cam_mp": "12 MP, f/2.2", "frontal_cam_mp": "5 MP, f/2.2,"}}, {"model": "mainapp.smartphone", "pk": 5, "fields": {"category": 2, "title": "iPhone 7", "slug": "iphone7", "image": "iphone7.jpeg", "description": "The iPhone 7 offered a slightly longer battery life, a better camera, fast innards and protection against water over its predecessor. While it may not be the top dog in the iPhone paddock, its lower price still makes it an attractive option.", "price": "219.00", "diagonal": "4.7 inches, 60.9 cm2", "display": "4.7 inches, 60.9 cm2", "resolution": "4.7 inches, 60.9 cm2", "accum_volume": "14", "ram": "32GB 2GB RAM", "sd": false, "sd_volume_max": "32GB 2GB RAM", "main_cam_mp": "32GB 2GB RAM", "frontal_cam_mp": "7 MP, f/2.2"}}, {"model": "mainapp.smartphone", "pk": 6, "fields": {"category": 2, "title": "iPhone 8", "slug": "iphone8", "image": "iphone8.jpeg", "description": "The iPhone 8 and 8 Plus feature glass bodies that enable wireless charging, faster A11 processors, upgraded cameras, and True Tone displays. Launched on September 22, 2017.", "price": "699.00", "diagonal": "4.7 inches, 60.9 cm2", "display": "Retina IPS LCD", "resolution": "750 x 1334 pixels, 16:9", "accum_volume": "14", "ram": "64GB 2GB RAM,", "sd": true, "sd_volume_max": "Li-Ion 1821 mAh", "main_cam_mp": "12 MP, f/1.8", "frontal_cam_mp": "7 MP, f/2.2"}}, {"model": "mainapp.smartphone", "pk": 7, "fields": {"category": 2, "title": "iPhone 10", "slug": "iphone10", "image": "iphone10_dXQmq2C.jpeg", "description": "The iPhone 8 and 8 Plus feature glass bodies that enable wireless charging, faster A11 processors, upgraded cameras, and True Tone displays. Launched on September 22, 2017.", "price": "901.00", "diagonal": "5.8 inches, 84.4 cm2", "display": "The iPhone 8 and 8 Plus feature glass bodies that enable wireless charging, faster A11 processors, upgraded cameras, and True Tone displays. Launched on September 22, 2017.", "resolution": "1125 x 2436 pixels, 19.5:9", "accum_volume": "21", "ram": "64GB 3GB RAM", "sd": true, "sd_volume_max": "64GB 3GB RAM", "main_cam_mp": "12 MP, f/1.8", "frontal_cam_mp": "7 MP, f/2.2"}}, {"model": "mainapp.smartphone", "pk": 8, "fields": {"category": 2, "title": "iPhone 11", "slug": "iphone11", "image": "iphone11.jpeg", "description": "The iPhone 11 has a 6.1 in (15.5 cm) IPS LCD, unlike the Pro models which have OLED displays. The resolution is 1792 × 828 pixels (1.5 megapixels at 326 ppi) with a maximum brightness of 625 nits and a 1400:1 contrast ratio. It supports Dolby Vision, HDR10, True-Tone, and a wide color gamut.", "price": "601.00", "diagonal": "The iPhone 11 has a 6.1 in (15.5 cm) IPS LCD, unlike the Pro models which have OLED displays. The resolution is 1792 × 828 pixels (1.5 megapixels at 326 ppi) with a maximum brightness of 625 nits and a 1400:1 contrast ratio. It supports Dolby Vision, HDR1", "display": "The iPhone 11 has a 6.1 in (15.5 cm) IPS LCD, unlike the Pro models which have OLED displays. The resolution is 1792 × 828 pixels (1.5 megapixels at 326 ppi) with a maximum brightness of 625 nits and a 1400:1 contrast ratio. It supports Dolby Vision, HDR1", "resolution": "28 x 1792 pixels, 19.5:9", "accum_volume": "17", "ram": "64GB 4GB RAM", "sd": true, "sd_volume_max": "Li-Ion 3110 mAh", "main_cam_mp": "12 MP, f/1.8, 26mm", "frontal_cam_mp": "12 MP, f/2.2, 23mm"}}, {"model": "mainapp.cartproduct", "pk": 10, "fields": {"user": 1, "cart": 1, "content_type": 12, "object_id": 1, "qty": 3, "final_price": "7199.97"}}, {"model": "mainapp.cartproduct", "pk": 20, "fields": {"user": 1, "cart": 2, "content_type": 12, "object_id": 4, "qty": 1, "final_price": "999.00"}}, {"model": "mainapp.cartproduct", "pk": 21, "fields": {"user": 1, "cart": 2, "content_type": 12, "object_id": 3, "qty": 1, "final_price": "1299.00"}}, {"model": "mainapp.cartproduct", "pk": 22, "fields": {"user": 1, "cart": 2, "content_type": 12, "object_id": 2, "qty": 1, "final_price": "899.99"}}, {"model": "mainapp.cartproduct", "pk": 23, "fields": {"user": 1, "cart": 2, "content_type": 11, "object_id": 8, "qty": 1, "final_price": "601.00"}}, {"model": "mainapp.cartproduct", "pk": 24, "fields": {"user": 1, "cart": 4, "content_type": 12, "object_id": 4, "qty": 1, "final_price": "999.00"}}, {"model": "mainapp.cartproduct", "pk": 30, "fields": {"user": 1, "cart": 5, "content_type": 12, "object_id": 3, "qty": 1, "final_price": "1299.00"}}, {"model": "mainapp.cartproduct", "pk": 31, "fields": {"user": 1, "cart": 5, "content_type": 12, "object_id": 1, "qty": 1, "final_price": "2399.99"}}, {"model": "mainapp.cartproduct", "pk": 32, "fields": {"user": 1, "cart": 6, "content_type": 12, "object_id": 3, "qty": 1, "final_price": "1299.00"}}, {"model": "mainapp.cartproduct", "pk": 33, "fields": {"user": 1, "cart": 7, "content_type": 11, "object_id": 3, "qty": 10, "final_price": "3990.00"}}, {"model": "mainapp.cartproduct", "pk": 34, "fields": {"user": 1, "cart": 8, "content_type": 12, "object_id": 3, "qty": 1, "final_price": "1299.00"}}, {"model": "mainapp.cartproduct", "pk": 35, "fields": {"user": 1, "cart": 9, "content_type": 12, "object_id": 3, "qty": 1, "final_price": "1299.00"}}, {"model": "mainapp.cartproduct", "pk": 36, "fields": {"user": 1, "cart": 10, "content_type": 12, "object_id": 4, "qty": 1, "final_price": "999.00"}}, {"model": "mainapp.cartproduct", "pk": 37, "fields": {"user": 1, "cart": 11, "content_type": 12, "object_id": 3, "qty": 1, "final_price": "1299.00"}}, {"model": "mainapp.cartproduct", "pk": 38, "fields": {"user": 1, "cart": 12, "content_type": 12, "object_id": 3, "qty": 1, "final_price": "1299.00"}}, {"model": "mainapp.cartproduct", "pk": 39, "fields": {"user": 1, "cart": 13, "content_type": 12, "object_id": 3, "qty": 1, "final_price": "1299.00"}}, {"model": "mainapp.cartproduct", "pk": 41, "fields": {"user": 1, "cart": 14, "content_type": 12, "object_id": 3, "qty": 1, "final_price": "1299.00"}}, {"model": "mainapp.cartproduct", "pk": 42, "fields": {"user": 1, "cart": 15, "content_type": 11, "object_id": 2, "qty": 1, "final_price": "749.99"}}, {"model": "mainapp.cartproduct", "pk": 43, "fields": {"user": 1, "cart": 16, "content_type": 12, "object_id": 3, "qty": 1, "final_price": "1299.00"}}, {"model": "mainapp.cartproduct", "pk": 44, "fields": {"user": 1, "cart": 16, "content_type": 12, "object_id": 1, "qty": 1, "final_price": "2399.99"}}, {"model": "mainapp.cartproduct", "pk": 45, "fields": {"user": 1, "cart": 17, "content_type": 12, "object_id": 3, "qty": 1, "final_price": "1299.00"}}, {"model": "mainapp.cartproduct", "pk": 46, "fields": {"user": 1, "cart": 18, "content_type": 12, "object_id": 3, "qty": 1, "final_price": "1299.00"}}, {"model": "mainapp.cartproduct", "pk": 47, "fields": {"user": 1, "cart": 19, "content_type": 12, "object_id": 3, "qty": 1, "final_price": "1299.00"}}, {"model": "mainapp.cartproduct", "pk": 48, "fields": {"user": 1, "cart": 20, "content_type": 12, "object_id": 3, "qty": 1, "final_price": "1299.00"}}, {"model": "mainapp.cartproduct", "pk": 49, "fields": {"user": 1, "cart": 21, "content_type": 12, "object_id": 3, "qty": 1, "final_price": "1299.00"}}, {"model": "mainapp.cartproduct", "pk": 50, "fields": {"user": 1, "cart": 21, "content_type": 12, "object_id": 4, "qty": 1, "final_price": "999.00"}}, {"model": "mainapp.cartproduct", "pk": 51, "fields": {"user": 3, "cart": 24, "content_type": 12, "object_id": 3, "qty": 2, "final_price": "2598.00"}}, {"model": "mainapp.cartproduct", "pk": 52, "fields": {"user": 3, "cart": 25, "content_type": 12, "object_id": 2, "qty": 1, "final_price": "899.99"}}, {"model": "mainapp.cartproduct", "pk": 53, "fields": {"user": 3, "cart": 25, "content_type": 11, "object_id": 8, "qty": 1, "final_price": "601.00"}}, {"model": "mainapp.cartproduct", "pk": 54, "fields": {"user": 3, "cart": 25, "content_type": 11, "object_id": 6, "qty": 1, "final_price": "699.00"}}, {"model": "mainapp.cartproduct", "pk": 55, "fields": {"user": null, "cart": 3, "content_type": 12, "object_id": 3, "qty": 1, "final_price": "1299.00"}}, {"model": "mainapp.cartproduct", "pk": 56, "fields": {"user": 4, "cart": 27, "content_type": 12, "object_id": 4, "qty": 1, "final_price": "999.00"}}, {"model": "mainapp.cartproduct", "pk": 57, "fields": {"user": 4, "cart": 27, "content_type": 12, "object_id": 3, "qty": 1, "final_price": "1299.00"}}, {"model": "mainapp.cartproduct", "pk": 58, "fields": {"user": 4, "cart": 27, "content_type": 11, "object_id": 8, "qty": 1, "final_price": "601.00"}}, {"model": "mainapp.cartproduct", "pk": 59, "fields": {"user": 4, "cart": 27, "content_type": 11, "object_id": 5, "qty": 1, "final_price": "219.00"}}, {"model": "mainapp.cartproduct", "pk": 60, "fields": {"user": 4, "cart": 28, "content_type": 11, "object_id": 7, "qty": 1, "final_price": "901.00"}}, {"model": "mainapp.cartproduct", "pk": 61, "fields": {"user": 4, "cart": 28, "content_type": 11, "object_id": 5, "qty": 1, "final_price": "219.00"}}, {"model": "mainapp.cartproduct", "pk": 62, "fields": {"user": 4, "cart": 28, "content_type": 11, "object_id": 3, "qty": 1, "final_price": "399.00"}}, {"model": "mainapp.cart", "pk": 1, "fields": {"owner": 1, "total_products": 1, "final_price": "7199.97", "in_order": true, "for_anonymous_user": false, "products": [10]}}, {"model": "mainapp.cart", "pk": 2, "fields": {"owner": 1, "total_products": 4, "final_price": "3798.99", "in_order": true, "for_anonymous_user": false, "products": [20, 21, 22, 23]}}, {"model": "mainapp.cart", "pk": 3, "fields": {"owner": null, "total_products": 1, "final_price": "1299.00", "in_order": false, "for_anonymous_user": true, "products": [55]}}, {"model": "mainapp.cart", "pk": 4, "fields": {"owner": 1, "total_products": 1, "final_price": "999.00", "in_order": true, "for_anonymous_user": false, "products": [24]}}, {"model": "mainapp.cart", "pk": 5, "fields": {"owner": 1, "total_products": 2, "final_price": "3698.99", "in_order": true, "for_anonymous_user": false, "products": [30, 31]}}, {"model": "mainapp.cart", "pk": 6, "fields": {"owner": 1, "total_products": 1, "final_price": "1299.00", "in_order": true, "for_anonymous_user": false, "products": [32]}}, {"model": "mainapp.cart", "pk": 7, "fields": {"owner": 1, "total_products": 1, "final_price": "3990.00", "in_order": true, "for_anonymous_user": false, "products": [33]}}, {"model": "mainapp.cart", "pk": 8, "fields": {"owner": 1, "total_products": 1, "final_price": "1299.00", "in_order": true, "for_anonymous_user": false, "products": [34]}}, {"model": "mainapp.cart", "pk": 9, "fields": {"owner": 1, "total_products": 1, "final_price": "1299.00", "in_order": true, "for_anonymous_user": false, "products": [35]}}, {"model": "mainapp.cart", "pk": 10, "fields": {"owner": 1, "total_products": 1, "final_price": "999.00", "in_order": true, "for_anonymous_user": false, "products": [36]}}, {"model": "mainapp.cart", "pk": 11, "fields": {"owner": 1, "total_products": 1, "final_price": "1299.00", "in_order": true, "for_anonymous_user": false, "products": [37]}}, {"model": "mainapp.cart", "pk": 12, "fields": {"owner": 1, "total_products": 1, "final_price": "1299.00", "in_order": true, "for_anonymous_user": false, "products": [38]}}, {"model": "mainapp.cart", "pk": 13, "fields": {"owner": 1, "total_products": 1, "final_price": "1299.00", "in_order": true, "for_anonymous_user": false, "products": [39]}}, {"model": "mainapp.cart", "pk": 14, "fields": {"owner": 1, "total_products": 1, "final_price": "1299.00", "in_order": true, "for_anonymous_user": false, "products": [41]}}, {"model": "mainapp.cart", "pk": 15, "fields": {"owner": 1, "total_products": 1, "final_price": "749.99", "in_order": true, "for_anonymous_user": false, "products": [42]}}, {"model": "mainapp.cart", "pk": 16, "fields": {"owner": 1, "total_products": 2, "final_price": "3698.99", "in_order": true, "for_anonymous_user": false, "products": [43, 44]}}, {"model": "mainapp.cart", "pk": 17, "fields": {"owner": 1, "total_products": 1, "final_price": "1299.00", "in_order": true, "for_anonymous_user": false, "products": [45]}}, {"model": "mainapp.cart", "pk": 18, "fields": {"owner": 1, "total_products": 1, "final_price": "1299.00", "in_order": true, "for_anonymous_user": false, "products": [46]}}, {"model": "mainapp.cart", "pk": 19, "fields": {"owner": 1, "total_products": 1, "final_price": "1299.00", "in_order": true, "for_anonymous_user": false, "products": [47]}}, {"model": "mainapp.cart", "pk": 20, "fields": {"owner": 1, "total_products": 1, "final_price": "1299.00", "in_order": true, "for_anonymous_user": false, "products": [48]}}, {"model": "mainapp.cart", "pk": 21, "fields": {"owner": 1, "total_products": 2, "final_price": "2298.00", "in_order": true, "for_anonymous_user": false, "products": [49, 50]}}, {"model": "mainapp.cart", "pk": 22, "fields": {"owner": 1, "total_products": 0, "final_price": "0.00", "in_order": false, "for_anonymous_user": false, "products": []}}, {"model": "mainapp.cart", "pk": 23, "fields": {"owner": 2, "total_products": 0, "final_price": "0.00", "in_order": false, "for_anonymous_user": false, "products": []}}, {"model": "mainapp.cart", "pk": 24, "fields": {"owner": 3, "total_products": 1, "final_price": "2598.00", "in_order": true, "for_anonymous_user": false, "products": [51]}}, {"model": "mainapp.cart", "pk": 25, "fields": {"owner": 3, "total_products": 3, "final_price": "2199.99", "in_order": true, "for_anonymous_user": false, "products": [52, 53, 54]}}, {"model": "mainapp.cart", "pk": 26, "fields": {"owner": 3, "total_products": 0, "final_price": "0.00", "in_order": false, "for_anonymous_user": false, "products": []}}, {"model": "mainapp.cart", "pk": 27, "fields": {"owner": 4, "total_products": 4, "final_price": "3118.00", "in_order": true, "for_anonymous_user": false, "products": [56, 57, 58, 59]}}, {"model": "mainapp.cart", "pk": 28, "fields": {"owner": 4, "total_products": 3, "final_price": "1519.00", "in_order": true, "for_anonymous_user": false, "products": [60, 61, 62]}}, {"model": "mainapp.cart", "pk": 29, "fields": {"owner": 4, "total_products": 0, "final_price": "0.00", "in_order": false, "for_anonymous_user": false, "products": []}}, {"model": "mainapp.customer", "pk": 1, "fields": {"user": 1, "phone": "+375337848912", "address": "Minsk city", "orders": [1, 2, 3, 4, 5, 6, 7, 8, 9, 10, 11, 12, 13, 14, 15, 16, 17, 18, 19, 20, 21, 22]}}, {"model": "mainapp.customer", "pk": 2, "fields": {"user": 3, "phone": "+375291248728", "address": "Usa", "orders": []}}, {"model": "mainapp.customer", "pk": 3, "fields": {"user": 4, "phone": "+375297777777", "address": "adminplace", "orders": [23, 24]}}, {"model": "mainapp.customer", "pk": 4, "fields": {"user": 5, "phone": "+37533999999", "address": "bali", "orders": [25, 26]}}, {"model": "mainapp.order", "pk": 1, "fields": {"customer": 1, "cart": 1, "first_name": "Vlad", "last_name": "Kremenevskiy", "phone": "+375291248723", "address": "Minskiy raion", "status": "new", "buying_type": "self", "comment": "Call me fast", "created_at": "2021-06-09T01:20:03.001Z", "order_date": "2021-06-10"}}, {"model": "mainapp.order", "pk": 2, "fields": {"customer": 1, "cart": 1, "first_name": "V", "last_name": "Kremenevskiy", "phone": "+375291248723", "address": "Minskiy raion", "status": "new", "buying_type": "self", "comment": "Fast", "created_at": "2021-06-09T01:21:29.121Z", "order_date": "2021-06-10"}}, {"model": "mainapp.order", "pk": 3, "fields": {"customer": 1, "cart": 1, "first_name": "Vlad", "last_name": "Kremenevskiy", "phone": "+375291248723", "address": "Minskiy raion", "status": "new", "buying_type": "self", "comment": "Fast please", "created_at": "2021-06-09T01:23:12.122Z", "order_date": "2021-06-18"}}, {"model": "mainapp.order", "pk": 4, "fields": {"customer": 1, "cart": 2, "first_name": "Vlad", "last_name": "Kremenevskiy", "phone": "+375291248723", "address": "Minskiy raion", "status": "new", "buying_type": "self", "comment": "Faster", "created_at": "2021-06-09T23:09:20.785Z", "order_date": "2021-06-11"}}, {"model": "mainapp.order", "pk": 5, "fields": {"customer": 1, "cart": 4, "first_name": "s", "last_name": "Kremenevskiy", "phone": "3", "address": "34", "status": "new", "buying_type": "self", "comment": "sadf", "created_at": "2021-06-11T14:23:52.054Z", "order_date": "0234-03-24"}}, {"model": "mainapp.order", "pk": 6, "fields": {"customer": 1, "cart": 5, "first_name": "34", "last_name": "24", "phone": "24", "address": "23", "status": "new", "buying_type": "self", "comment": "234", "created_at": "2021-06-11T14:25:44.370Z", "order_date": "2021-06-12"}}, {"model": "mainapp.order", "pk": 7, "fields": {"customer": 1, "cart": 6, "first_name": "34", "last_name": "32", "phone": "234", "address": "24", "status": "new", "buying_type": "self", "comment": "234", "created_at": "2021-06-11T14:27:21.802Z", "order_date": "2021-02-03"}}, {"model": "mainapp.order", "pk": 8, "fields": {"customer": 1, "cart": 7, "first_name": "asd", "last_name": "343", "phone": "324", "address": "234", "status": "new", "buying_type": "self", "comment": "234", "created_at": "2021-06-11T14:28:29.632Z", "order_date": "2021-06-11"}}, {"model": "mainapp.order", "pk": 9, "fields": {"customer": 1, "cart": 8, "first_name": "Vladislav", "last_name": "Kremevskiy", "phone": "+375291248723", "address": "Minsk", "status": "new", "buying_type": "self", "comment": "And pack it nice", "created_at": "2021-06-11T14:34:21.968Z", "order_date": "2021-06-12"}}, {"model": "mainapp.order", "pk": 10, "fields": {"customer": 1, "cart": 9, "first_name": "324", "last_name": "234", "phone": "234", "address": "24", "status": "new", "buying_type": "self", "comment": "asdf", "created_at": "2021-06-11T14:42:08.180Z", "order_date": "2021-06-13"}}, {"model": "mainapp.order", "pk": 11, "fields": {"customer": 1, "cart": 10, "first_name": "3", "last_name": "324", "phone": "24", "address": "24", "status": "new", "buying_type": "self", "comment": "24", "created_at": "2021-06-11T14:55:56.681Z", "order_date": "2021-02-26"}}, {"model": "mainapp.order", "pk": 12, "fields": {"customer": 1, "cart": 11, "first_name": "asf", "last_name": "asdf", "phone": "asf", "address": "asf", "status": "new", "buying_type": "self", "comment": "asf", "created_at": "2021-06-11T14:57:15.846Z", "order_date": "2021-06-26"}}, {"model": "mainapp.order", "pk": 13, "fields": {"customer": 1, "cart": 12, "first_name": "sd", "last_name": "ewr", "phone": "wr", "address": "wer", "status": "new", "buying_type": "self", "comment": "wer", "created_at": "2021-06-11T15:19:08.259Z", "order_date": "2021-06-19"}}, {"model": "mainapp.order", "pk": 14, "fields": {"customer": 1, "cart": 13, "first_name": "sad", "last_name": "ad", "phone": "sdf", "address": "sdf", "status": "new", "buying_type": "self", "comment": "qwe", "created_at": "2021-06-11T16:44:10.341Z", "order_date": "2021-06-20"}}, {"model": "mainapp.order", "pk": 15, "fields": {"customer": 1, "cart": 14, "first_name": "sf", "last_name": "sf", "phone": "asf", "address": "asf", "status": "new", "buying_type": "self", "comment": "sfasdf", "created_at": "2021-06-11T21:02:45.779Z", "order_date": "2021-06-26"}}, {"model": "mainapp.order", "pk": 16, "fields": {"customer": 1, "cart": 15, "first_name": "234", "last_name": "24", "phone": "24", "address": "24", "status": "new", "buying_type": "self", "comment": "24", "created_at": "2021-06-11T21:05:11.594Z", "order_date": "2021-06-26"}}, {"model": "mainapp.order", "pk": 17, "fields": {"customer": 1, "cart": 16, "first_name": "as", "last_name": "asdf", "phone": "af", "address": "asdf", "status": "new", "buying_type": "self", "comment": "asf", "created_at": "2021-06-11T21:06:05.290Z", "order_date": "2021-07-04"}}, {"model": "mainapp.order", "pk": 18, "fields": {"customer": 1, "cart": 17, "first_name": "234", "last_name": "234", "phone": "234", "address": "24", "status": "new", "buying_type": "self", "comment": "234", "created_at": "2021-06-11T21:20:10.255Z", "order_date": "2021-06-13"}}, {"model": "mainapp.order", "pk": 19, "fields": {"customer": 1, "cart": 18, "first_name": "w4", "last_name": "234", "phone": "234", "address": "234", "status": "new", "buying_type": "self", "comment": "234234234243", "created_at": "2021-06-12T04:54:45.787Z", "order_date": "2021-06-27"}}, {"model": "mainapp.order", "pk": 20, "fields": {"customer": 1, "cart": 19, "first_name": "324", "last_name": "234", "phone": "234", "address": "234", "status": "new", "buying_type": "delivery", "comment": "234234", "created_at": "2021-06-12T04:55:57.326Z", "order_date": "2021-06-20"}}, {"model": "mainapp.order", "pk": 21, "fields": {"customer": 1, "cart": 20, "first_name": "34", "last_name": "234", "phone": "234", "address": "234", "status": "new", "buying_type": "self", "comment": "342", "created_at": "2021-06-12T04:57:05.749Z", "order_date": "2021-06-13"}}, {"model": "mainapp.order", "pk": 22, "fields": {"customer": 1, "cart": 21, "first_name": "24", "last_name": "24", "phone": "243", "address": "24", "status": "new", "buying_type": "self", "comment": "234", "created_at": "2021-06-13T23:27:21.728Z", "order_date": "2021-06-13"}}, {"model": "mainapp.order", "pk": 23, "fields": {"customer": 3, "cart": 24, "first_name": "admin", "last_name": "adminovich", "phone": "+375291248723", "address": "usa2", "status": "new", "buying_type": "self", "comment": "admin order", "created_at": "2021-06-14T12:06:21.125Z", "order_date": "2021-06-15"}}, {"model": "mainapp.order", "pk": 24, "fields": {"customer": 3, "cart": 25, "first_name": "Admin", "last_name": "Admin", "phone": "+375291248723", "address": "usa", "status": "new", "buying_type": "self", "comment": "fast", "created_at": "2021-06-14T12:42:03.848Z", "order_date": "2021-06-18"}}, {"model": "mainapp.order", "pk": 25, "fields": {"customer": 4, "cart": 27, "first_name": "Someone", "last_name": "Else", "phone": "+37533999999", "address": "bali", "status": "new", "buying_type": "self", "comment": "Try fast please", "created_at": "2021-06-14T12:48:55.283Z", "order_date": "2021-06-17"}}, {"model": "mainapp.order", "pk": 26, "fields": {"customer": 4, "cart": 28, "first_name": "Vladimir", "last_name": "Putin", "phone": "+375291248723", "address": "Russia", "status": "new", "buying_type": "self", "comment": "In gold", "created_at": "2021-06-14T12:50:03.044Z", "order_date": "2021-06-18"}}]